<metadata xml:lang="en"><Esri><CreaDate>20161025</CreaDate><CreaTime>14254600</CreaTime><ArcGISFormat>1.0</ArcGISFormat><SyncOnce>FALSE</SyncOnce><DataProperties><itemProps><itemName Sync="TRUE">alderman</itemName><imsContentType Sync="TRUE">002</imsContentType><itemLocation><linkage Sync="TRUE">file://\\ad\default\shapelib\alderman.shp</linkage><protocol Sync="TRUE">Local Area Network</protocol></itemLocation><itemSize Sync="TRUE">0.000</itemSize></itemProps><lineage><Process ToolSource="C:\Program Files\ArcGIS\Desktop10.0\ArcToolbox\Toolboxes\Conversion Tools.tbx\FeatureClassToFeatureClass" Date="20111207" Time="092901" Name="" export="">FeatureClassToFeatureClass "ald2012 polygon" L:\dimeproj\Election2012Work\Election2012.gdb ald2012 # "AREA "AREA" false true true 8 Double 0 0 ,First,#,l:\dimebuild\create_cover\election2012\ald2012\polygon,AREA,-1,-1;PERIMETER "PERIMETER" false true true 8 Double 0 0 ,First,#,l:\dimebuild\create_cover\election2012\ald2012\polygon,PERIMETER,-1,-1;ALD2012_ "ALD2012_" false true true 4 Long 0 0 ,First,#,l:\dimebuild\create_cover\election2012\ald2012\polygon,ALD2012#,-1,-1;ALD2012_ID "ALD2012_ID" true true true 4 Long 0 0 ,First,#,l:\dimebuild\create_cover\election2012\ald2012\polygon,ALD2012-ID,-1,-1;ALD2012 "ALD2012" true true false 5 Text 0 0 ,First,#,l:\dimebuild\create_cover\election2012\ald2012\polygon,ALD2012,-1,-1" #</Process><Process ToolSource="C:\Program Files\ArcGIS\Desktop10.0\ArcToolbox\Toolboxes\Data Management Tools.tbx\CopyFeatures" Date="20111207" Time="093045" Name="" export="">CopyFeatures ald2012 L:\dimeproj\ald2012\ald2012.shp # 0 0 0</Process><Process ToolSource="C:\Program Files\ArcGIS\Desktop10.0\ArcToolbox\Toolboxes\Data Management Tools.tbx\CalculateField" Date="20111207" Time="093132" Name="" export="">CalculateField ald2012 ALD [ALD2012] VB #</Process><Process ToolSource="C:\Program Files\ArcGIS\Desktop10.0\ArcToolbox\Toolboxes\Data Management Tools.tbx\DefineProjection" Date="20111207" Time="093251" Name="" export="">DefineProjection ald2012 PROJCS['NAD_1927_StatePlane_Wisconsin_South_FIPS_4803',GEOGCS['GCS_North_American_1927',DATUM['D_North_American_1927',SPHEROID['Clarke_1866',6378206.4,294.9786982]],PRIMEM['Greenwich',0.0],UNIT['Degree',0.0174532925199433]],PROJECTION['Lambert_Conformal_Conic'],PARAMETER['False_Easting',2000000.0],PARAMETER['False_Northing',0.0],PARAMETER['Central_Meridian',-90.0],PARAMETER['Standard_Parallel_1',42.73333333333333],PARAMETER['Standard_Parallel_2',44.06666666666667],PARAMETER['Latitude_Of_Origin',42.0],UNIT['Foot_US',0.3048006096012192]]</Process><Process ToolSource="C:\Program Files (x86)\ArcGIS\Desktop10.0\ArcToolbox\Toolboxes\Data Management Tools.tbx\CalculateField" Date="20120207" Time="080930" Name="" export="">CalculateField alderman2012 ALD2012 9 VB #</Process><Process ToolSource="C:\Program Files (x86)\ArcGIS\Desktop10.0\ArcToolbox\Toolboxes\Data Management Tools.tbx\CalculateField" Date="20120207" Time="080938" Name="" export="">CalculateField alderman2012 ALD 9 VB #</Process><Process ToolSource="C:\Program Files (x86)\ArcGIS\Desktop10.0\ArcToolbox\Toolboxes\Data Management Tools.tbx\CalculateField" Date="20120207" Time="082013" Name="" export="">CalculateField alderman2012 COLORCAT 1 VB #</Process><Process ToolSource="C:\Program Files (x86)\ArcGIS\Desktop10.0\ArcToolbox\Toolboxes\Data Management Tools.tbx\CalculateField" Date="20120207" Time="082037" Name="" export="">CalculateField alderman2012 COLORCAT 2 VB #</Process><Process ToolSource="C:\Program Files (x86)\ArcGIS\Desktop10.0\ArcToolbox\Toolboxes\Data Management Tools.tbx\CalculateField" Date="20120207" Time="082057" Name="" export="">CalculateField alderman2012 COLORCAT 3 VB #</Process><Process ToolSource="C:\Program Files (x86)\ArcGIS\Desktop10.0\ArcToolbox\Toolboxes\Data Management Tools.tbx\CalculateField" Date="20120207" Time="082114" Name="" export="">CalculateField alderman2012 COLORCAT 4 VB #</Process><Process ToolSource="C:\Program Files\ArcGIS\Desktop10.0\ArcToolbox\Toolboxes\Conversion Tools.tbx\FeatureClassToFeatureClass" Date="20121109" Time="094838" Name="" export="">FeatureClassToFeatureClass Q:\shapelib\alderman.shp "Database Connections\sde_publication.sde\SDE_PUBLICATION.ElectionAdministration" alderman # "ALD2012 "ALD2012" true true false 5 Text 0 0 ,First,#,Q:\shapelib\alderman.shp,ALD2012,-1,-1;ALD "ALD" true true false 4 Short 0 4 ,First,#,Q:\shapelib\alderman.shp,ALD,-1,-1;COLORCAT "COLORCAT" true true false 4 Short 0 4 ,First,#,Q:\shapelib\alderman.shp,COLORCAT,-1,-1;ALDERMAN "ALDERMAN" true true false 50 Text 0 0 ,First,#,Q:\shapelib\alderman.shp,ALDERMAN,-1,-1" #</Process><Process ToolSource="C:\Program Files\ArcGIS\Desktop10.0\ArcToolbox\Toolboxes\Data Management Tools.tbx\CalculateField" Date="20140519" Time="102223">CalculateField SDE_PUBLICATION.alderman ALDERMAN "Russell W. Stamper, II" VB #</Process><Process ToolSource="c:\program files (x86)\arcgis\desktop10.0\ArcToolbox\Toolboxes\Data Management Tools.tbx\CalculateField" Date="20150908" Time="115153">CalculateField SDE_PUBLICATION.alderman ALDERMAN "Mark A. Borkowski" VB #</Process><Process ToolSource="c:\program files (x86)\arcgis\desktop10.2\ArcToolbox\Toolboxes\Data Management Tools.tbx\DeleteFeatures" Date="20160422" Time="105654">DeleteFeatures W:\publication_refresh\alderman\sde_publication.sde\SDE_PUBLICATION.ElectionAdministration\SDE_PUBLICATION.alderman</Process><Process ToolSource="c:\program files (x86)\arcgis\desktop10.2\ArcToolbox\Toolboxes\Data Management Tools.tbx\Append" Date="20160422" Time="105659">Append W:\publication_refresh\alderman\alderman.gdb\alderman W:\publication_refresh\alderman\sde_publication.sde\SDE_PUBLICATION.ElectionAdministration\SDE_PUBLICATION.alderman TEST # #</Process><Process ToolSource="c:\program files (x86)\arcgis\desktop10.2\ArcToolbox\Toolboxes\Data Management Tools.tbx\DeleteFeatures" Date="20160422" Time="105737">DeleteFeatures W:\publication_refresh\alderman\sde_publication.sde\SDE_PUBLICATION.ElectionAdministration\SDE_PUBLICATION.alderman</Process><Process ToolSource="c:\program files (x86)\arcgis\desktop10.2\ArcToolbox\Toolboxes\Data Management Tools.tbx\DeleteFeatures" Date="20160422" Time="110030">DeleteFeatures W:\publication_refresh\alderman\sde_publication.sde\SDE_PUBLICATION.ElectionAdministration\SDE_PUBLICATION.alderman</Process><Process ToolSource="c:\program files (x86)\arcgis\desktop10.2\ArcToolbox\Toolboxes\Data Management Tools.tbx\Append" Date="20160422" Time="110037">Append W:\publication_refresh\alderman\alderman.gdb\alderman W:\publication_refresh\alderman\sde_publication.sde\SDE_PUBLICATION.ElectionAdministration\SDE_PUBLICATION.alderman TEST # #</Process><Process ToolSource="c:\program files (x86)\arcgis\desktop10.2\ArcToolbox\Toolboxes\Data Management Tools.tbx\DeleteFeatures" Date="20160422" Time="110333">DeleteFeatures W:\publication_refresh\alderman\sde_publication.sde\SDE_PUBLICATION.ElectionAdministration\SDE_PUBLICATION.alderman</Process><Process ToolSource="c:\program files (x86)\arcgis\desktop10.2\ArcToolbox\Toolboxes\Data Management Tools.tbx\DeleteFeatures" Date="20160422" Time="111428">DeleteFeatures W:\publication_refresh\alderman\sde_publication.sde\SDE_PUBLICATION.ElectionAdministration\SDE_PUBLICATION.alderman</Process><Process ToolSource="c:\program files (x86)\arcgis\desktop10.2\ArcToolbox\Toolboxes\Data Management Tools.tbx\Append" Date="20160422" Time="111433">Append W:\publication_refresh\alderman\alderman.gdb\alderman W:\publication_refresh\alderman\sde_publication.sde\SDE_PUBLICATION.ElectionAdministration\SDE_PUBLICATION.alderman TEST # #</Process><Process ToolSource="c:\program files (x86)\arcgis\desktop10.4\ArcToolbox\Toolboxes\Data Management Tools.tbx\DeleteFeatures" Date="20181113" Time="122452">DeleteFeatures W:\gis\publication_refresh\alderman\sde_publication.sde\SDE_PUBLICATION.alderman</Process><Process ToolSource="c:\program files (x86)\arcgis\desktop10.4\ArcToolbox\Toolboxes\Data Management Tools.tbx\Append" Date="20181113" Time="122500">Append W:\gis\publication_refresh\alderman\alderman.gdb\alderman W:\gis\publication_refresh\alderman\sde_publication.sde\SDE_PUBLICATION.alderman TEST # #</Process><Process ToolSource="c:\program files (x86)\arcgis\desktop10.4\ArcToolbox\Toolboxes\Conversion Tools.tbx\FeatureClassToFeatureClass" Date="20181113" Time="132057">FeatureClassToFeatureClass W:\gis\publication_refresh\alderman\sde_publication_ro.sde\SDE_PUBLICATION.alderman \\ad\default\shapelib alderman # "ALD2012 "ALD2012" true true false 5 Text 0 0 ,First,#,W:\gis\publication_refresh\alderman\sde_publication_ro.sde\SDE_PUBLICATION.alderman,ALD2012,-1,-1;ALD "ALD" true true false 2 Short 0 4 ,First,#,W:\gis\publication_refresh\alderman\sde_publication_ro.sde\SDE_PUBLICATION.alderman,ALD,-1,-1;COLORCAT "COLORCAT" true true false 2 Short 0 4 ,First,#,W:\gis\publication_refresh\alderman\sde_publication_ro.sde\SDE_PUBLICATION.alderman,COLORCAT,-1,-1;ALDERMAN "ALDERMAN" true true false 50 Text 0 0 ,First,#,W:\gis\publication_refresh\alderman\sde_publication_ro.sde\SDE_PUBLICATION.alderman,ALDERMAN,-1,-1;SHAPE_AREA "SHAPE_AREA" false false true 0 Double 0 0 ,First,#,W:\gis\publication_refresh\alderman\sde_publication_ro.sde\SDE_PUBLICATION.alderman,SHAPE.AREA,-1,-1;SHAPE_LEN "SHAPE_LEN" false false true 0 Double 0 0 ,First,#,W:\gis\publication_refresh\alderman\sde_publication_ro.sde\SDE_PUBLICATION.alderman,SHAPE.LEN,-1,-1" #</Process></lineage><copyHistory><copy source="E:\data development\election\2012 boundaries\alderman2012" dest="\\gisfs\projlib\users\ahagen\data development\election\2012 boundaries\alderman2012Copy2" date="20120413" time="14090200"/></copyHistory><coordRef><type Sync="TRUE">Projected</type><geogcsn Sync="TRUE">GCS_North_American_1927</geogcsn><projcsn Sync="TRUE">NAD_1927_StatePlane_Wisconsin_South_FIPS_4803</projcsn><peXml Sync="TRUE">&lt;ProjectedCoordinateSystem xsi:type='typens:ProjectedCoordinateSystem' xmlns:xsi='http://www.w3.org/2001/XMLSchema-instance' xmlns:xs='http://www.w3.org/2001/XMLSchema' xmlns:typens='http://www.esri.com/schemas/ArcGIS/10.4'&gt;&lt;WKT&gt;PROJCS[&amp;quot;NAD_1927_StatePlane_Wisconsin_South_FIPS_4803&amp;quot;,GEOGCS[&amp;quot;GCS_North_American_1927&amp;quot;,DATUM[&amp;quot;D_North_American_1927&amp;quot;,SPHEROID[&amp;quot;Clarke_1866&amp;quot;,6378206.4,294.9786982]],PRIMEM[&amp;quot;Greenwich&amp;quot;,0.0],UNIT[&amp;quot;Degree&amp;quot;,0.0174532925199433]],PROJECTION[&amp;quot;Lambert_Conformal_Conic&amp;quot;],PARAMETER[&amp;quot;False_Easting&amp;quot;,2000000.0],PARAMETER[&amp;quot;False_Northing&amp;quot;,0.0],PARAMETER[&amp;quot;Central_Meridian&amp;quot;,-90.0],PARAMETER[&amp;quot;Standard_Parallel_1&amp;quot;,42.73333333333333],PARAMETER[&amp;quot;Standard_Parallel_2&amp;quot;,44.06666666666667],PARAMETER[&amp;quot;Latitude_Of_Origin&amp;quot;,42.0],UNIT[&amp;quot;Foot_US&amp;quot;,0.3048006096012192],AUTHORITY[&amp;quot;EPSG&amp;quot;,32054]]&lt;/WKT&gt;&lt;XOrigin&gt;-118083400&lt;/XOrigin&gt;&lt;YOrigin&gt;-97411200&lt;/YOrigin&gt;&lt;XYScale&gt;37503931.662248865&lt;/XYScale&gt;&lt;ZOrigin&gt;-100000&lt;/ZOrigin&gt;&lt;ZScale&gt;10000&lt;/ZScale&gt;&lt;MOrigin&gt;-100000&lt;/MOrigin&gt;&lt;MScale&gt;10000&lt;/MScale&gt;&lt;XYTolerance&gt;0.0032808333333333331&lt;/XYTolerance&gt;&lt;ZTolerance&gt;0.001&lt;/ZTolerance&gt;&lt;MTolerance&gt;0.001&lt;/MTolerance&gt;&lt;HighPrecision&gt;true&lt;/HighPrecision&gt;&lt;WKID&gt;32054&lt;/WKID&gt;&lt;LatestWKID&gt;32054&lt;/LatestWKID&gt;&lt;/ProjectedCoordinateSystem&gt;</peXml><csUnits Sync="TRUE">Linear Unit: Foot_US (0.304801)</csUnits></coordRef></DataProperties><SyncDate>20181113</SyncDate><SyncTime>13205600</SyncTime><ModDate>20181113</ModDate><ModTime>13205600</ModTime><ArcGISProfile>ItemDescription</ArcGISProfile></Esri><dataIdInfo><envirDesc Sync="TRUE"> Version 6.2 (Build 9200) ; Esri ArcGIS 10.4.1.5686</envirDesc><dataLang><languageCode value="eng" country="USA"/><countryCode value="USA" Sync="TRUE"></countryCode></dataLang><idCitation><resTitle Sync="FALSE">alderman</resTitle><presForm><PresFormCd value="005"/></presForm></idCitation><descKeys><thesaName uuidref="723f6998-058e-11dc-8314-0800200c9a66"/><keyword Sync="TRUE">002</keyword></descKeys><spatRpType><SpatRepTypCd value="001"/></spatRpType><idAbs>&lt;DIV STYLE="text-align:Left;"&gt;&lt;DIV&gt;&lt;DIV&gt;&lt;P&gt;&lt;SPAN&gt;City of Milwaukee Aldermanic district polygons&lt;/SPAN&gt;&lt;/P&gt;&lt;/DIV&gt;&lt;/DIV&gt;&lt;/DIV&gt;</idAbs><idCredit>City of MIlwaukee ITMD-GIS, City of Milwaukee Legislative Reference Bureau</idCredit></dataIdInfo><mdLang><languageCode value="eng"/><countryCode value="USA" Sync="TRUE"></countryCode></mdLang><distInfo><distFormat><formatName Sync="TRUE">Shapefile</formatName></distFormat><distTranOps><transSize Sync="TRUE">0.000</transSize></distTranOps></distInfo><mdHrLv><ScopeCd value="005"/></mdHrLv><mdHrLvName Sync="TRUE">dataset</mdHrLvName><spdoinfo><ptvctinf><esriterm Name="alderman"><efeatyp Sync="TRUE">Simple</efeatyp><efeageom code="4" Sync="TRUE"></efeageom><esritopo Sync="TRUE">FALSE</esritopo><efeacnt Sync="TRUE">0</efeacnt><spindex Sync="TRUE">FALSE</spindex><linrefer Sync="TRUE">FALSE</linrefer></esriterm></ptvctinf></spdoinfo><spatRepInfo><VectSpatRep><geometObjs Name="alderman"><geoObjTyp><GeoObjTypCd value="002" Sync="TRUE"></GeoObjTypCd></geoObjTyp><geoObjCnt Sync="TRUE">0</geoObjCnt></geometObjs><topLvl><TopoLevCd value="001" Sync="TRUE"></TopoLevCd></topLvl></VectSpatRep></spatRepInfo><eainfo><detailed Name="alderman"><enttyp><enttypl Sync="TRUE">alderman</enttypl><enttypt Sync="TRUE">Feature Class</enttypt><enttypc Sync="TRUE">0</enttypc></enttyp><attr><attrlabl Sync="TRUE">FID</attrlabl><attalias Sync="TRUE">FID</attalias><attrtype Sync="TRUE">OID</attrtype><attwidth Sync="TRUE">4</attwidth><atprecis Sync="TRUE">0</atprecis><attscale Sync="TRUE">0</attscale><attrdef Sync="TRUE">Internal feature number.</attrdef><attrdefs Sync="TRUE">Esri</attrdefs><attrdomv><udom Sync="TRUE">Sequential unique whole numbers that are automatically generated.</udom></attrdomv></attr><attr><attrlabl Sync="TRUE">Shape</attrlabl><attalias Sync="TRUE">Shape</attalias><attrtype Sync="TRUE">Geometry</attrtype><attwidth Sync="TRUE">0</attwidth><atprecis Sync="TRUE">0</atprecis><attscale Sync="TRUE">0</attscale><attrdef Sync="TRUE">Feature geometry.</attrdef><attrdefs Sync="TRUE">ESRI</attrdefs><attrdomv><udom Sync="TRUE">Coordinates defining the features.</udom></attrdomv></attr><attr><attrlabl Sync="TRUE">ALD</attrlabl><attalias Sync="TRUE">ALD</attalias><attrtype Sync="TRUE">Integer</attrtype><attwidth Sync="TRUE">5</attwidth><atprecis Sync="TRUE">5</atprecis><attscale Sync="TRUE">0</attscale></attr><attr><attrlabl Sync="TRUE">COLORCAT</attrlabl><attalias Sync="TRUE">COLORCAT</attalias><attrtype Sync="TRUE">Integer</attrtype><attwidth Sync="TRUE">5</attwidth><atprecis Sync="TRUE">5</atprecis><attscale Sync="TRUE">0</attscale></attr><attr><attrlabl Sync="TRUE">ALDERMAN</attrlabl><attalias Sync="TRUE">ALDERMAN</attalias><attrtype Sync="TRUE">String</attrtype><attwidth Sync="TRUE">50</attwidth><atprecis Sync="TRUE">0</atprecis><attscale Sync="TRUE">0</attscale></attr><attr><attrlabl Sync="TRUE">ALD2012</attrlabl><attalias Sync="TRUE">ALD2012</attalias><attrtype Sync="TRUE">String</attrtype><attwidth Sync="TRUE">5</attwidth><atprecis Sync="TRUE">0</atprecis><attscale Sync="TRUE">0</attscale></attr><attr><attrlabl Sync="TRUE">SHAPE_AREA</attrlabl><attalias Sync="TRUE">SHAPE_AREA</attalias><attrtype Sync="TRUE">Double</attrtype><attwidth Sync="TRUE">19</attwidth><atprecis Sync="TRUE">0</atprecis><attscale Sync="TRUE">0</attscale><attrdef Sync="TRUE">Area of feature in internal units squared.</attrdef><attrdefs Sync="TRUE">Esri</attrdefs><attrdomv><udom Sync="TRUE">Positive real numbers that are automatically generated.</udom></attrdomv></attr><attr><attrlabl Sync="TRUE">SHAPE_LEN</attrlabl><attalias Sync="TRUE">SHAPE_LEN</attalias><attrtype Sync="TRUE">Double</attrtype><attwidth Sync="TRUE">19</attwidth><atprecis Sync="TRUE">0</atprecis><attscale Sync="TRUE">0</attscale></attr></detailed></eainfo><mdDateSt Sync="TRUE">20181113</mdDateSt><refSysInfo><RefSystem><refSysID><identCode code="32054"/><idCodeSpace Sync="TRUE">EPSG</idCodeSpace><idVersion Sync="TRUE">2.1(3.0.1)</idVersion></refSysID></RefSystem></refSysInfo></metadata>
